{"cameraMode":{"drawMode":0,"name":"Shaded","section":"Shading Mode"},"sceneLighting":true,"audioPlay":false,"sceneViewState":{"showFog":false,"showMaterialUpdate":false,"showSkybox":false,"showFlares":false,"showImageEffects":false,"showParticleSystems":false},"in2DMode":false,"pivot":{"x":-3.8369297981262209,"y":4.772370338439941,"z":4.95009183883667},"rotation":{"x":-0.3534041941165924,"y":0.42862093448638918,"z":-0.18695996701717378,"w":-0.8102086186408997},"size":17.632875442504884,"orthographic":false}